City_ID,City,Country,Lat,Lng,Max Temp,Humidity,Cloudiness,Wind Speed,Current Description
0,Ulladulla,AU,-35.35,150.4667,83.88,41,97,10.0,overcast clouds
1,Kodiak,US,57.79,-152.4072,40.51,60,0,8.05,clear sky
2,East London,ZA,-33.0153,27.9116,71.8,81,31,10.09,scattered clouds
3,Mount Gambier,AU,-37.8333,140.7667,72.05,56,30,8.7,scattered clouds
4,Torbay,CA,47.6666,-52.7314,34.57,81,100,7.0,overcast clouds
5,Punta Arenas,CL,-53.15,-70.9167,46.11,49,20,13.8,few clouds
6,Thompson,CA,55.7435,-97.8558,-16.53,100,83,3.67,broken clouds
7,Busselton,AU,-33.65,115.3333,77.04,52,0,10.74,clear sky
8,Byron Bay,AU,-28.65,153.6167,80.55,84,69,11.88,broken clouds
9,Namie,JP,37.4833,141.0,42.78,63,100,13.2,overcast clouds
10,Nueva Loja,EC,0.0847,-76.8828,72.34,95,100,2.62,overcast clouds
11,Bengkulu,ID,-3.8004,102.2655,78.12,80,100,3.51,overcast clouds
12,Georgetown,MY,5.4112,100.3354,80.53,85,20,0.0,few clouds
13,Puerto Ayora,EC,-0.7393,-90.3518,75.54,92,89,4.16,overcast clouds
14,Umm Kaddadah,SD,13.6017,26.6876,63.27,19,0,16.24,clear sky
15,Qaanaaq,GL,77.484,-69.3632,-8.1,71,88,6.17,overcast clouds
16,Ushuaia,AR,-54.8,-68.3,38.86,75,40,34.52,scattered clouds
17,Rumford,US,44.5537,-70.5509,19.96,45,100,3.8,overcast clouds
18,Hithadhoo,MV,-0.6,73.0833,82.06,75,38,12.8,scattered clouds
19,New Norfolk,AU,-42.7826,147.0587,64.9,62,92,4.63,overcast clouds
20,Albany,US,42.6001,-73.9662,22.26,56,26,5.01,scattered clouds
21,Ahipara,NZ,-35.1667,173.1667,70.74,55,25,10.27,scattered clouds
22,Severo-Kurilsk,RU,50.6789,156.125,26.35,66,45,15.21,scattered clouds
23,Hermanus,ZA,-34.4187,19.2345,70.9,80,89,17.78,overcast clouds
24,Khovu-Aksy,RU,51.1333,93.6,-10.21,87,100,2.82,overcast clouds
25,Hobart,AU,-42.8794,147.3294,65.26,75,75,11.5,broken clouds
26,Sotnikovo,RU,51.8845,107.4791,-34.51,67,84,2.24,smoke
27,Sao Filipe,CV,14.8961,-24.4956,73.44,68,68,11.16,broken clouds
28,Kavieng,PG,-2.5744,150.7967,83.53,73,86,7.27,light rain
29,Castro,BR,-24.7911,-50.0119,66.0,89,100,0.89,overcast clouds
30,Saint-Philippe,RE,-21.3585,55.7679,78.39,87,38,11.9,scattered clouds
31,Husavik,IS,66.0449,-17.3389,13.24,76,90,17.02,overcast clouds
32,Palmer,US,42.1584,-72.3287,27.93,56,100,9.22,overcast clouds
33,Yerbogachen,RU,61.2767,108.0108,-31.45,100,87,3.44,overcast clouds
34,Cacule,BR,-14.5033,-42.2222,68.68,97,100,4.74,overcast clouds
35,Sibolga,ID,1.7427,98.7792,77.85,85,68,2.26,broken clouds
36,Ayni,TJ,39.3941,68.5377,24.82,77,83,6.33,broken clouds
37,Vaini,TO,-21.2,-175.2,80.55,71,99,16.84,overcast clouds
38,Vanimo,PG,-2.6741,141.3028,81.91,81,100,2.01,overcast clouds
39,Dikson,RU,73.5069,80.5464,-5.19,87,100,23.71,overcast clouds
40,Vikhorevka,RU,56.1201,101.1636,-13.41,100,100,1.66,overcast clouds
41,Juba,SS,4.8517,31.5825,79.25,36,100,3.96,overcast clouds
42,Goure,NE,13.9835,10.2704,71.02,13,0,8.19,clear sky
43,Jamestown,US,42.097,-79.2353,15.3,61,40,5.75,scattered clouds
44,Mataura,NZ,-46.1927,168.8643,71.13,37,100,1.54,overcast clouds
45,Ribeira Grande,PT,38.5167,-28.7,58.15,69,100,5.46,overcast clouds
46,Lluta,PE,-16.0147,-72.0142,50.23,71,69,1.99,broken clouds
47,Tasiilaq,GL,65.6145,-37.6368,21.36,93,100,18.79,light snow
48,Basco,PH,20.4487,121.9702,74.23,86,100,23.49,overcast clouds
49,Los Llanos De Aridane,ES,28.6585,-17.9182,60.55,76,100,6.91,overcast clouds
50,Xai-Xai,MZ,-25.0519,33.6442,73.38,93,28,0.4,scattered clouds
51,Samarai,PG,-10.6167,150.6667,82.99,69,50,6.93,scattered clouds
52,Lapeer,US,43.0514,-83.3188,14.52,67,0,3.44,clear sky
53,Yellowknife,CA,62.456,-114.3525,-18.58,89,33,1.25,scattered clouds
54,Ranong,TH,9.9658,98.6348,78.19,87,93,3.44,overcast clouds
55,Port Lincoln,AU,-34.7333,135.8667,71.33,70,18,11.72,few clouds
56,Bredasdorp,ZA,-34.5322,20.0403,64.27,73,99,13.73,overcast clouds
57,Souillac,MU,-20.5167,57.5167,80.37,94,75,9.22,light rain
58,Clarksburg,US,39.2807,-80.3445,28.13,60,100,4.61,overcast clouds
59,Tuktoyaktuk,CA,69.4541,-133.0374,-33.0,99,77,6.33,broken clouds
60,Mwense,ZM,-10.3845,28.698,64.69,99,100,1.9,light rain
61,Rikitea,PF,-23.1203,-134.9692,78.94,71,5,14.14,clear sky
62,Barrow,US,71.2906,-156.7887,-27.38,68,0,9.22,clear sky
63,Ustye,RU,59.6304,39.736,27.23,92,100,10.85,overcast clouds
64,Coahuayana,MX,18.7333,-103.6833,89.08,65,91,2.62,overcast clouds
65,Tiksi,RU,71.6872,128.8694,-13.13,92,20,11.03,few clouds
66,Lokoja,NG,7.8024,6.743,79.36,17,98,1.77,overcast clouds
67,Taltal,CL,-25.4,-70.4833,68.56,76,4,3.89,clear sky
68,Carutapera,BR,-1.195,-46.02,76.91,90,100,6.67,moderate rain
69,Ziro,IN,27.6333,93.8333,32.67,75,0,3.11,clear sky
70,Tuatapere,NZ,-46.1333,167.6833,65.16,50,100,4.65,overcast clouds
71,Gushi,CN,34.6425,109.5843,40.06,52,3,10.74,clear sky
72,Sobolevo,RU,54.4299,31.8996,21.13,89,96,11.74,overcast clouds
73,Alice Springs,AU,-23.7,133.8833,89.15,25,0,8.05,clear sky
74,Jinka,ET,5.65,36.65,66.51,40,83,2.01,broken clouds
75,Kapaa,US,22.0752,-159.319,78.78,70,75,17.27,light rain
76,Jizan,SA,17.3333,42.6667,76.62,79,14,4.61,few clouds
77,Tsiroanomandidy,MG,-18.7667,46.0333,68.47,89,85,4.72,overcast clouds
78,Pevek,RU,69.7008,170.3133,-16.37,97,100,8.5,overcast clouds
79,Saldanha,ZA,-33.0117,17.9442,64.17,90,0,13.47,clear sky
80,Mahebourg,MU,-20.4081,57.7,80.26,94,75,9.22,broken clouds
81,Miguel Auza,MX,24.2933,-103.4503,50.76,28,100,9.51,overcast clouds
82,Bongandanga,CD,1.5,21.05,72.73,53,100,4.0,overcast clouds
83,Chokurdakh,RU,70.6333,147.9167,-13.34,96,87,8.46,overcast clouds
84,Carnarvon,AU,-24.8667,113.6333,84.09,66,6,2.66,clear sky
85,Santa Luzia,BR,-19.7697,-43.8514,68.9,96,49,2.46,scattered clouds
86,Ust-Nera,RU,64.5667,143.2,-25.58,94,45,0.67,scattered clouds
87,Yaan,NG,7.3833,8.5667,80.02,13,96,3.27,overcast clouds
88,Berlevag,NO,70.8578,29.0864,21.06,90,100,7.92,light snow
89,Saint Anthony,US,45.0205,-93.218,8.15,77,100,8.05,snow
90,Bambous Virieux,MU,-20.3428,57.7575,80.22,94,75,9.22,light rain
91,Pangnirtung,CA,66.1451,-65.7125,-35.1,92,74,6.02,broken clouds
92,Vao,NC,-22.6667,167.4833,80.28,80,97,6.85,overcast clouds
93,Avarua,CK,-21.2078,-159.775,77.05,83,75,4.61,light rain
94,Mwinilunga,ZM,-11.7358,24.4293,62.4,97,100,3.83,light rain
95,Esperance,AU,-33.8667,121.9,66.81,65,100,12.41,overcast clouds
96,Sindor,RU,62.8629,51.8905,2.55,99,100,3.8,overcast clouds
97,Aska,IN,19.6061,84.6725,57.25,55,8,2.77,clear sky
98,Padang,ID,-0.9492,100.3543,75.25,69,71,3.42,broken clouds
99,Arraial Do Cabo,BR,-22.9661,-42.0278,75.7,92,11,14.36,few clouds
100,Ilulissat,GL,69.2167,-51.1,8.62,66,40,18.41,scattered clouds
101,Chaman,PK,30.9236,66.4512,48.16,46,100,1.72,overcast clouds
102,Victoria,HK,22.2855,114.1577,62.26,80,24,5.99,few clouds
103,Kutum,SD,14.2,24.6667,59.07,19,6,8.9,clear sky
104,Nikolskoye,RU,59.7035,30.7861,36.88,91,100,11.88,overcast clouds
105,Lebu,CL,-37.6167,-73.65,58.23,91,96,5.5,overcast clouds
106,Stornoway,GB,58.2093,-6.3865,42.76,90,75,19.57,broken clouds
107,Dingle,PH,10.9995,122.6711,81.41,75,100,9.17,overcast clouds
108,Thinadhoo,MV,0.5333,72.9333,81.61,73,97,9.26,overcast clouds
109,Chicama,PE,-7.8447,-79.1469,68.54,69,58,5.39,broken clouds
110,Matara,LK,5.9485,80.5353,72.25,89,54,6.2,broken clouds
111,Port Hardy,CA,50.6996,-127.4199,49.75,74,100,7.11,overcast clouds
112,Bluff,NZ,-46.6,168.3333,57.88,64,100,3.74,overcast clouds
113,Deputatskiy,RU,69.3,139.9,-11.25,94,100,4.85,overcast clouds
114,Fortuna,US,40.5982,-124.1573,65.48,94,100,5.75,overcast clouds
115,Richards Bay,ZA,-28.783,32.0377,77.07,88,100,9.06,light rain
116,Faanui,PF,-16.4833,-151.75,80.49,75,100,14.18,moderate rain
117,Hilo,US,19.7297,-155.09,78.53,68,20,8.05,few clouds
118,Mandalgarh,IN,25.2,75.1,55.36,37,0,3.09,clear sky
119,Chuy,UY,-33.6971,-53.4616,58.86,65,0,6.22,clear sky
120,Norman Wells,CA,65.282,-126.8329,-3.68,96,100,3.71,overcast clouds
121,Ponta Do Sol,PT,32.6667,-17.1,62.71,72,77,0.47,broken clouds
122,Cape Town,ZA,-33.9258,18.4232,71.11,80,0,5.99,clear sky
123,Changping,CN,40.2186,116.2197,19.04,57,0,8.5,clear sky
124,Ewo,CG,-0.8725,14.8206,73.4,86,100,2.3,overcast clouds
125,Nara,JP,34.6851,135.8049,45.91,47,100,3.06,overcast clouds
126,Ornskoldsvik,SE,63.2909,18.7153,31.15,100,20,4.61,few clouds
127,Hobyo,SO,5.3505,48.5268,76.87,73,77,17.0,broken clouds
128,Cabedelo,BR,-6.9811,-34.8339,81.27,76,1,11.07,clear sky
129,Leningradskiy,RU,69.3833,178.4167,-15.61,90,81,5.41,broken clouds
130,Bubaque,GW,11.2833,-15.8333,77.94,64,0,6.64,clear sky
131,San Ignacio,BZ,17.1561,-89.0714,73.54,88,75,9.22,broken clouds
132,Arlit,NE,18.7369,7.3853,65.59,13,0,4.14,clear sky
133,Talnakh,RU,69.4865,88.3972,-7.89,70,7,8.68,clear sky
134,Karratha,AU,-20.7377,116.8463,92.62,43,51,7.63,broken clouds
135,Butaritari,KI,3.0707,172.7902,81.19,77,20,13.0,light rain
136,Mahibadhoo,MV,3.7833,72.9667,81.16,76,76,9.44,broken clouds
137,Romny,UA,50.751,33.4747,21.97,87,22,7.58,few clouds
138,Muros,ES,42.7762,-9.0603,53.24,93,8,18.07,clear sky
139,Provideniya,RU,64.3833,-173.3,-3.64,71,0,8.99,clear sky
140,Port Elizabeth,ZA,-33.918,25.5701,68.63,87,87,12.08,light rain
141,Egvekinot,RU,66.3167,-179.1667,-15.84,90,17,5.84,few clouds
142,Port Alfred,ZA,-33.5906,26.891,68.95,88,31,8.55,light rain
143,Misratah,LY,32.3754,15.0925,56.93,69,98,8.3,overcast clouds
144,Uchaly,RU,54.2996,59.4521,5.45,93,100,5.59,overcast clouds
145,Simao,CN,22.7886,100.9748,52.2,47,0,0.81,clear sky
146,La Union,PE,-5.4,-80.75,76.98,64,100,11.81,overcast clouds
147,Boa Vista,BR,2.8197,-60.6733,84.18,58,0,13.8,clear sky
148,Hovd,MN,48.0056,91.6419,-14.13,77,32,2.66,scattered clouds
149,Mumbwa,ZM,-14.9783,27.0619,63.68,94,89,2.44,overcast clouds
150,Roura,GF,4.7263,-52.3274,79.97,100,0,1.14,clear sky
151,Roald,NO,62.5833,6.1333,37.11,93,100,23.02,overcast clouds
152,Katherine,AU,-14.4667,132.2667,86.32,62,20,5.75,few clouds
153,Broken Hill,AU,-31.95,141.4333,92.25,21,95,11.5,overcast clouds
154,Clyde River,CA,70.4692,-68.5914,-16.37,76,100,20.71,light snow
155,Poum,NC,-20.2333,164.0167,82.96,75,99,10.04,moderate rain
156,Cairns,AU,-16.9167,145.7667,89.06,73,75,21.85,broken clouds
157,Porto Santo,PT,33.072,-16.3415,60.71,72,20,2.3,few clouds
158,Pointe Michel,DM,15.25,-61.3833,77.23,73,3,17.76,clear sky
159,Broome,US,42.2506,-75.833,17.02,71,0,6.91,clear sky
160,Porecatu,BR,-22.7558,-51.3792,84.27,75,44,2.51,scattered clouds
161,Iqaluit,CA,63.7506,-68.5145,-16.31,68,100,3.44,light snow
162,Bayburt,TR,40.2589,40.2278,11.93,85,100,3.53,overcast clouds
163,Vitry-Le-Francois,FR,48.7333,4.5833,50.13,81,100,20.13,overcast clouds
164,Pabrade,LT,55.0,25.7833,28.26,82,100,9.64,overcast clouds
165,Abu Dhabi,AE,24.4667,54.3667,61.97,81,20,6.91,few clouds
166,Bathsheba,BB,13.2167,-59.5167,77.61,73,75,17.27,broken clouds
167,Nushki,PK,29.5542,66.0215,50.54,51,100,2.91,overcast clouds
168,Uyovu,TZ,-3.2833,31.5258,62.56,96,100,4.29,overcast clouds
169,Bay Roberts,CA,47.5999,-53.2648,35.33,80,100,4.0,overcast clouds
170,Boyolangu,ID,-8.1181,111.8935,75.85,91,99,1.52,heavy intensity rain
171,Koumac,NC,-20.5667,164.2833,86.61,64,99,5.03,overcast clouds
172,Kununurra,AU,-15.7667,128.7333,75.18,94,36,4.61,heavy intensity rain
173,Pisco,PE,-13.7,-76.2167,69.85,73,0,16.11,clear sky
174,Pafos,CY,34.7667,32.4167,53.51,71,100,8.05,overcast clouds
175,Cardenas,CU,23.0375,-81.2047,72.36,83,95,16.33,overcast clouds
176,Kudahuvadhoo,MV,2.6708,72.8944,81.36,75,97,7.96,overcast clouds
177,Khatanga,RU,71.9667,102.5,-27.17,100,43,1.88,scattered clouds
178,Constitucion,CL,-35.3333,-72.4167,59.41,89,61,4.36,broken clouds
179,Dolores,AR,-36.3132,-57.6792,57.83,63,6,4.56,light rain
180,Betafo,MG,-19.8333,46.85,59.23,93,16,5.17,few clouds
181,Inuvik,CA,68.3499,-133.7218,-18.89,98,100,7.09,light snow
182,Bethel,US,41.3712,-73.414,27.93,66,100,6.91,overcast clouds
183,Ereymentau,KZ,51.6199,73.1033,7.18,97,100,4.03,overcast clouds
184,Kostomuksha,RU,64.571,30.5767,30.83,97,100,10.87,light snow
185,Buluang,PH,13.3068,123.3425,80.2,79,95,3.51,overcast clouds
186,Tessalit,ML,20.1986,1.0114,61.14,22,23,11.41,few clouds
187,Nouadhibou,MR,20.931,-17.0347,64.76,76,98,19.13,overcast clouds
188,Gaya,IN,24.7833,85.0,50.52,60,0,2.8,clear sky
189,Ayagoz,KZ,47.9714,80.4392,14.09,96,100,1.66,light snow
190,Atuona,PF,-9.8,-139.0333,77.94,78,14,13.6,light rain
191,Ciro Marina,IT,39.3732,17.126,40.86,71,3,5.41,clear sky
192,Ambovombe,MG,-25.1667,46.0833,72.86,89,0,4.5,clear sky
193,Bossangoa,CF,6.4926,17.4552,73.96,20,100,4.16,overcast clouds
194,Belleville,CA,44.1788,-77.3705,8.8,61,100,7.27,overcast clouds
195,Nome,US,64.5011,-165.4064,-2.13,55,0,0.0,clear sky
196,Kruisfontein,ZA,-34.0033,24.7314,66.42,91,100,9.37,light rain
197,Gusinoye Ozero,RU,51.1144,106.2614,-15.74,98,99,2.04,overcast clouds
198,Bilma,NE,18.6853,12.9164,64.08,14,0,6.78,clear sky
199,Vitim,RU,59.4511,112.5578,-24.84,98,39,1.34,scattered clouds
200,Santa Isabel Do Rio Negro,BR,-0.4139,-65.0192,73.54,95,87,1.41,overcast clouds
201,Alofi,NU,-19.0595,-169.9187,81.0,73,100,10.94,overcast clouds
202,Esil,KZ,51.9556,66.4042,15.55,95,100,9.08,light snow
203,Airai,TL,-8.9266,125.4092,70.0,66,23,2.28,few clouds
204,Culebra,PR,18.303,-65.301,74.66,89,18,8.99,few clouds
205,Fort Beaufort,ZA,-32.7748,26.6338,66.54,86,93,2.44,overcast clouds
206,Longyearbyen,SJ,78.2186,15.6401,15.64,92,100,3.44,light snow
207,Nanakuli,US,21.3906,-158.1547,80.55,52,75,9.22,broken clouds
208,Lima,PE,-12.0432,-77.0282,71.91,75,0,12.66,clear sky
209,Tiznit,MA,29.5833,-9.5,53.2,49,0,3.47,clear sky
210,Hasaki,JP,35.7333,140.8333,39.6,60,100,29.75,overcast clouds
211,Kijang,KR,35.2442,129.2139,46.81,70,19,6.98,few clouds
212,Kencong,ID,-8.2833,113.3667,79.25,84,38,2.3,moderate rain
213,Sambava,MG,-14.2667,50.1667,73.6,93,25,4.59,scattered clouds
214,Russell,US,32.3502,-85.1999,44.2,48,0,5.75,clear sky
215,Ostrovnoy,RU,68.0531,39.5131,21.88,62,100,26.98,overcast clouds
216,La Libertad,EC,-2.2333,-80.9,78.46,73,0,8.05,clear sky
217,Nianzishan,CN,47.5167,122.8833,0.36,78,39,4.07,scattered clouds
218,Fort Nelson,CA,58.8053,-122.7002,8.06,98,100,2.53,overcast clouds
219,Pangkalanbuun,ID,-2.6833,111.6167,80.26,82,94,3.44,overcast clouds
220,Yar-Sale,RU,66.8333,70.8333,-19.26,99,100,7.47,overcast clouds
221,Soyo,AO,-6.1349,12.3689,78.42,86,100,5.32,overcast clouds
222,Strezhevoy,RU,60.7333,77.5889,-4.02,94,100,9.13,overcast clouds
223,Upernavik,GL,72.7868,-56.1549,-6.43,97,100,11.52,overcast clouds
224,Cidreira,BR,-30.1811,-50.2056,68.54,90,14,2.98,few clouds
225,Reinosa,ES,42.9996,-4.138,42.21,95,97,2.26,overcast clouds
226,Hambantota,LK,6.1241,81.1185,75.24,85,25,14.81,scattered clouds
227,Sitka,US,57.0531,-135.33,42.69,81,100,8.05,overcast clouds
228,North Bend,US,43.4065,-124.2243,54.25,94,75,8.05,broken clouds
229,Raudeberg,NO,61.9875,5.1352,38.07,96,100,18.81,overcast clouds
230,Quelimane,MZ,-17.8786,36.8883,76.95,88,40,2.3,scattered clouds
231,Solnechnyy,RU,50.7214,136.6319,12.18,87,100,5.73,overcast clouds
232,Kodinsk,RU,58.6881,99.1844,-23.67,100,22,3.33,few clouds
233,Zaragoza,ES,41.6561,-0.8773,54.05,70,75,5.75,broken clouds
234,Methoni,GR,36.8197,21.7049,52.21,76,19,0.78,few clouds
235,Te Anau,NZ,-45.4167,167.7167,66.63,46,100,0.94,overcast clouds
236,Flinders,AU,-34.5833,150.8552,84.06,57,100,5.01,overcast clouds
237,Burnie,AU,-41.0667,145.9167,78.94,45,100,6.78,overcast clouds
238,Takoradi,GH,4.8845,-1.7554,78.58,86,100,6.82,overcast clouds
239,Praya,CV,14.9215,-23.5087,72.14,78,20,16.11,few clouds
240,Emba,KZ,48.8264,58.1442,15.78,94,100,13.04,overcast clouds
241,Sola,VU,-13.8833,167.55,82.67,76,100,19.3,overcast clouds
242,Lorengau,PG,-2.0226,147.2712,84.02,72,100,2.55,overcast clouds
243,Saint-Pierre,RE,-21.3393,55.4781,78.48,78,40,10.36,scattered clouds
244,Luderitz,NA,-26.6481,15.1594,72.1,64,1,8.59,clear sky
245,Saskylakh,RU,71.9167,114.0833,-17.77,92,18,2.84,few clouds
246,Sao Gabriel Da Cachoeira,BR,-0.1303,-67.0892,73.33,98,99,1.5,moderate rain
247,Dzaoudzi,YT,-12.7887,45.2699,76.89,94,0,2.3,clear sky
248,Antalaha,MG,-14.9003,50.2788,72.57,91,47,5.21,scattered clouds
249,Kolyvan,RU,55.3053,82.7391,24.42,95,100,14.83,light snow
250,Makakilo City,US,21.3469,-158.0858,79.12,49,75,11.5,broken clouds
251,San Antonio,US,29.4241,-98.4936,59.16,27,0,8.05,clear sky
252,Igurusi,TZ,-8.85,33.85,64.15,90,100,2.04,overcast clouds
253,Eureka,US,40.8021,-124.1637,65.75,87,100,2.48,overcast clouds
254,Velyka Lepetykha,UA,47.1757,33.9436,31.62,61,2,6.08,clear sky
255,Namatanai,PG,-3.6667,152.4333,85.57,66,86,6.8,overcast clouds
256,Wangqing,CN,43.3218,129.7634,13.23,64,100,2.91,overcast clouds
257,Coquimbo,CL,-29.9533,-71.3436,65.93,72,0,6.91,clear sky
258,Luganville,VU,-15.5333,167.1667,84.42,75,99,9.53,overcast clouds
259,Opotiki,NZ,-38.0833,177.2833,74.52,55,99,5.21,overcast clouds
260,Ampanihy,MG,-24.7,44.75,74.61,79,0,5.1,clear sky
261,Tecolutla,MX,20.4833,-97.0167,60.66,62,8,10.13,clear sky
262,Geraldton,AU,-28.7667,114.6,81.01,69,0,4.61,clear sky
263,Komsomolskiy,UZ,40.4272,71.7189,38.12,81,100,4.61,mist
264,Devils Lake,US,48.1128,-98.8651,24.78,88,100,26.46,mist
265,Huanren,CN,41.2647,125.3667,19.45,89,100,3.98,light snow
266,Aswan,EG,24.0934,32.907,58.82,33,0,9.91,clear sky
267,Touros,BR,-5.1989,-35.4608,81.5,75,5,12.8,clear sky
268,Krasnyy Yar,RU,46.5331,48.3456,26.53,63,0,10.56,clear sky
269,Katsuura,JP,35.1333,140.3,46.11,70,98,25.21,light rain
270,Jacareacanga,BR,-6.2222,-57.7528,74.08,98,100,2.19,overcast clouds
271,Puerto Del Rosario,ES,28.5004,-13.8627,62.35,77,6,6.91,clear sky
272,Mahon,ES,39.8885,4.2658,54.16,82,75,12.66,broken clouds
273,Pilar,BR,-9.5972,-35.9567,76.93,77,96,8.37,overcast clouds
274,Daru,PG,-9.0763,143.2092,85.53,61,63,10.42,broken clouds
275,Kalmunai,LK,7.4167,81.8167,76.73,80,90,9.13,overcast clouds
276,Narsaq,GL,60.9167,-46.05,19.62,96,100,6.8,light snow
277,Isla Mujeres,MX,21.2311,-86.731,71.17,71,40,20.6,scattered clouds
278,Banes,CU,20.9625,-75.7186,79.41,78,0,4.94,clear sky
279,Zhanaozen,KZ,43.3,52.8,26.2,87,83,7.9,broken clouds
280,Aykhal,RU,66.0,111.5,-8.54,52,62,1.81,broken clouds
281,Sur,OM,22.5667,59.5289,70.74,69,0,12.48,clear sky
282,Erdemli,TR,36.605,34.3084,51.75,69,24,6.35,few clouds
283,Laguna,US,38.421,-121.4238,74.64,45,0,5.75,clear sky
284,Orchard Homes,US,46.8633,-114.0484,38.32,57,0,1.01,clear sky
285,Fairview,US,40.8126,-73.999,30.02,66,100,13.8,overcast clouds
286,Namibe,AO,-15.1961,12.1522,74.12,83,100,1.43,overcast clouds
287,Pacifica,US,37.6138,-122.4869,76.33,65,75,10.36,broken clouds
288,Necochea,AR,-38.5473,-58.7368,60.04,52,0,5.41,clear sky
289,Salinopolis,BR,-0.6136,-47.3561,77.67,89,100,9.4,light rain
290,San Policarpo,PH,12.1791,125.5072,80.83,73,100,12.84,overcast clouds
291,Bandiagara,ML,14.3501,-3.6104,68.59,15,4,9.55,clear sky
292,Smiltene,LV,57.4244,25.9016,33.55,78,100,11.59,overcast clouds
293,Kailua,US,21.4022,-157.7394,80.58,59,0,12.66,clear sky
294,Lompoc,US,34.6391,-120.4579,79.12,79,0,6.91,clear sky
295,Diffa,NE,13.3154,12.6113,68.65,13,13,8.72,few clouds
296,Koungou,YT,-12.7336,45.2042,76.71,94,0,2.3,clear sky
297,Zhigansk,RU,66.7697,123.3711,-37.01,100,41,1.3,scattered clouds
298,Jumla,NP,29.2747,82.1838,27.5,65,0,6.82,clear sky
299,Wajid,SO,3.8093,43.2471,72.73,58,100,11.97,overcast clouds
300,Codrington,AU,-38.2667,141.9667,70.34,62,33,10.31,scattered clouds
301,Krasnovka,RU,48.8177,40.0923,18.07,95,43,3.74,scattered clouds
302,Vardo,NO,70.3705,31.1107,23.9,90,100,18.16,light snow
303,Aklavik,CA,68.2191,-135.0107,-24.77,98,100,10.04,light snow
304,Maceio,BR,-9.6658,-35.7353,78.24,83,20,4.61,few clouds
305,Ratnagiri,IN,16.9833,73.3,69.91,61,6,7.16,clear sky
306,Saint George,US,37.1041,-113.5841,66.67,14,0,0.0,clear sky
307,Cubara,CO,7.0008,-72.1085,73.54,73,85,4.0,overcast clouds
308,Tateyama,JP,34.9833,139.8667,46.02,72,99,23.53,overcast clouds
309,Nehe,CN,48.4833,124.8333,-4.95,99,94,5.82,overcast clouds
310,Ponta Delgada,PT,37.7333,-25.6667,59.5,67,75,6.91,broken clouds
311,Bissau,GW,11.8636,-15.5977,74.62,60,0,3.51,clear sky
312,Mulege,MX,26.8833,-111.9833,69.58,36,5,6.38,clear sky
313,Manzanillo,CU,20.3433,-77.1167,75.38,82,6,6.55,clear sky
314,Praia Da Vitoria,PT,38.7333,-27.0667,57.45,82,40,5.1,scattered clouds
315,Port Hedland,AU,-20.3167,118.5667,93.25,46,34,19.57,scattered clouds
316,San Carlos De Bariloche,AR,-41.1456,-71.3082,69.55,37,0,17.27,clear sky
317,Klaksvik,FO,62.2266,-6.589,32.92,65,100,28.66,overcast clouds
318,Lagoa,PT,39.05,-27.9833,56.64,59,100,4.38,overcast clouds
319,Wasilla,US,61.5814,-149.4394,33.78,90,100,1.01,light snow
320,Wanning,CN,18.8003,110.3967,68.18,90,100,10.98,overcast clouds
321,Noumea,NC,-22.2763,166.4572,91.38,99,100,13.4,overcast clouds
322,Cabo San Lucas,MX,22.8909,-109.9124,76.51,52,100,1.99,overcast clouds
323,Fergus Falls,US,46.283,-96.0776,7.86,81,100,19.57,mist
324,Ayr,GB,55.4627,-4.6339,42.75,93,100,4.61,light rain
325,Cherskiy,RU,68.75,161.3,-22.76,97,95,6.67,overcast clouds
326,Vestmanna,FO,62.1564,-7.1664,31.12,64,100,10.36,overcast clouds
327,Tarakan,ID,3.3,117.6333,81.9,78,20,3.44,few clouds
328,Saint-Augustin,CA,51.226,-58.6502,-19.86,93,42,6.33,scattered clouds
329,San Jose,US,37.3394,-121.895,77.68,44,75,6.91,broken clouds
330,Genhe,CN,50.7833,121.5167,-5.4,91,100,2.13,overcast clouds
331,Zanjan,IR,36.6736,48.4787,24.62,87,79,6.78,broken clouds
332,Juneau,US,58.3019,-134.4197,37.45,94,100,0.0,overcast clouds
333,Lata,PT,40.1629,-8.3327,53.82,93,15,2.24,few clouds
334,Toora-Khem,RU,52.4675,96.11,-32.51,100,70,0.92,broken clouds
335,Kroya,ID,-7.6331,109.2461,85.19,80,76,2.89,broken clouds
336,Madang,PG,-5.2246,145.7966,83.41,75,65,1.12,broken clouds
337,Nanortalik,GL,60.1432,-45.2371,22.44,93,100,26.8,snow
338,Mantua,IT,45.1667,10.7833,39.43,77,52,1.99,broken clouds
339,Matagami,CA,49.7502,-77.6328,-20.09,76,0,0.0,clear sky
340,Pozoblanco,ES,38.3791,-4.8483,48.78,96,84,4.94,broken clouds
341,Waipawa,NZ,-41.4122,175.5153,59.45,68,100,13.0,overcast clouds
342,Tocopilla,CL,-22.092,-70.1979,70.68,71,27,7.9,scattered clouds
343,San Francisco,US,37.7749,-122.4194,76.59,61,75,10.36,broken clouds
344,Shihezi,CN,44.3,86.0333,8.69,92,94,2.55,overcast clouds
345,Novikovo,RU,51.1537,37.8879,12.61,93,39,5.86,scattered clouds
346,Njombe,TZ,-9.3333,34.7667,56.93,92,100,3.18,overcast clouds
347,Pahrump,US,36.2083,-115.9839,71.11,9,0,1.16,clear sky
348,Templin,DE,53.1186,13.5022,41.83,77,100,12.26,overcast clouds
349,Malmesbury,ZA,-33.4608,18.7271,68.79,77,0,8.21,clear sky
350,Acapulco,MX,16.8634,-99.8901,80.42,74,75,5.75,broken clouds
351,Felanitx,ES,39.4696,3.1483,55.0,89,6,10.83,clear sky
352,Karsava,LV,56.7841,27.6883,28.96,82,100,12.48,overcast clouds
353,Batemans Bay,AU,-35.7167,150.1833,89.2,43,99,8.75,overcast clouds
354,Jibuti,DJ,11.5,42.5,71.02,78,6,6.69,clear sky
355,Ribas Do Rio Pardo,BR,-20.4431,-53.7592,79.18,41,62,4.59,broken clouds
356,Camacha,PT,33.0833,-16.3333,57.96,72,20,2.3,few clouds
357,Mayumba,GA,-3.432,10.6554,77.58,89,100,3.96,overcast clouds
358,Xinzhi,CN,36.4989,111.7047,34.99,33,8,8.39,clear sky
359,Tromso,NO,69.6496,18.957,24.82,80,75,12.66,broken clouds
360,Acajutla,SV,13.5928,-89.8275,83.8,71,0,5.44,clear sky
361,Hofn,IS,64.2539,-15.2082,22.46,66,28,9.42,scattered clouds
362,Urumqi,CN,43.801,87.6005,7.75,85,0,2.24,clear sky
363,Winnemucca,US,40.973,-117.7357,60.85,25,0,6.91,clear sky
364,Pontes E Lacerda,BR,-15.2261,-59.3353,71.87,96,100,1.83,overcast clouds
365,Brae,GB,60.3964,-1.353,39.11,85,100,18.21,overcast clouds
366,Lufilufi,WS,-13.8745,-171.5986,87.58,77,73,7.45,broken clouds
367,The Valley,AI,18.217,-63.0578,77.09,69,0,21.41,clear sky
368,Beloha,MG,-25.1667,45.05,73.85,87,0,7.83,clear sky
369,Adrar,MR,20.5022,-10.0711,60.57,23,91,10.6,overcast clouds
370,Dawlatabad,AF,36.4141,64.9053,40.08,60,30,3.71,scattered clouds
371,San Patricio,US,28.017,-97.5169,57.92,32,85,4.61,overcast clouds
372,Tautira,PF,-17.7333,-149.15,86.02,77,62,17.85,light rain
373,Juruti,BR,-2.1522,-56.0922,77.65,79,92,1.45,overcast clouds
374,Oktyabrskiy,RU,54.4815,53.471,2.89,100,100,3.09,overcast clouds
375,Smithers,CA,54.7804,-127.1743,32.32,93,100,0.0,light rain
376,Taoudenni,ML,22.6783,-3.9836,60.53,26,0,11.18,clear sky
377,Jalu,LY,29.0331,21.5482,52.9,58,0,6.51,clear sky
378,Muhos,FI,64.808,25.9931,31.78,98,100,9.69,overcast clouds
379,Kiryu,JP,36.4,139.3333,43.16,57,100,3.38,overcast clouds
380,Sabha,LY,27.0377,14.4283,51.57,33,0,11.43,clear sky
381,Santa Cruz De La Palma,ES,28.6835,-17.7642,64.54,77,100,6.91,overcast clouds
382,Igarka,RU,67.4667,86.5833,-13.23,92,35,6.69,scattered clouds
383,Puerto Escondido,MX,15.85,-97.0667,81.43,74,40,0.0,scattered clouds
384,Iguape,BR,-24.7081,-47.5553,73.76,89,3,5.73,clear sky
385,Nemuro,JP,43.3236,145.575,27.03,87,100,13.47,overcast clouds
386,Chapais,CA,49.7834,-74.8492,-22.22,99,99,1.74,overcast clouds
387,Haines Junction,CA,60.7522,-137.5108,21.15,73,88,0.0,overcast clouds
388,Puerto Colombia,CO,10.9878,-74.9547,80.69,79,5,27.13,clear sky
389,Bilibino,RU,68.0546,166.4372,-23.69,98,89,1.25,overcast clouds
390,Atasu,KZ,48.6814,71.6433,24.76,95,100,13.29,overcast clouds
391,Ambilobe,MG,-13.2,49.05,71.82,94,14,1.43,few clouds
392,Rundu,NA,-17.9333,19.7667,65.97,86,100,3.24,overcast clouds
393,Mestia,GE,43.0458,42.7278,17.55,55,66,5.48,broken clouds
394,Ipixuna,BR,-1.7625,-48.8043,75.15,97,98,2.98,heavy intensity rain
395,Paamiut,GL,61.994,-49.6678,11.43,87,100,18.14,overcast clouds
396,Sabang,ID,5.8933,95.3214,82.0,72,19,9.91,few clouds
397,Bredy,RU,52.4153,60.3411,17.38,95,100,8.97,light snow
398,Vaitape,PF,-16.5167,-151.75,80.53,75,100,14.2,moderate rain
399,Volksrust,ZA,-27.3654,29.8818,54.91,90,100,3.56,overcast clouds
400,Taywarah,AF,33.35,64.4167,17.28,79,14,5.14,few clouds
401,Tongzi,CN,28.7829,105.0877,49.37,77,100,0.81,overcast clouds
402,Ahuimanu,US,21.4447,-157.8378,80.31,54,0,12.66,clear sky
403,Flin Flon,CA,54.7682,-101.865,-4.07,97,100,4.68,overcast clouds
404,Okhotsk,RU,59.3833,143.3,-7.4,76,0,14.05,clear sky
405,Poronaysk,RU,49.2167,143.1167,14.67,84,60,9.64,broken clouds
406,Shimoda,JP,34.6667,138.95,44.96,71,100,19.28,light rain
407,Mar Del Plata,AR,-38.0023,-57.5575,63.88,73,0,0.0,clear sky
408,Avera,US,33.194,-82.5271,48.7,33,0,15.7,clear sky
409,Kloulklubed,PW,7.0419,134.2556,79.3,81,96,21.34,overcast clouds
410,Samarinda,ID,-0.5,117.15,76.98,85,100,0.76,overcast clouds
411,Kangaatsiaq,GL,68.3065,-53.4641,-11.47,93,96,21.12,overcast clouds
412,Tonantins,BR,-2.8731,-67.8022,73.24,99,100,0.22,very heavy rain
413,Valparaiso,CL,-33.0393,-71.6273,67.48,78,75,5.75,broken clouds
414,Hailin,CN,44.5833,129.4167,2.41,89,100,3.44,overcast clouds
415,Rudbar,AF,30.15,62.6,48.31,54,75,8.75,broken clouds
416,Chipinge,ZW,-20.1883,32.6236,59.63,68,1,2.46,clear sky
417,Muravlenko,RU,63.7898,74.523,-17.25,100,100,8.5,overcast clouds
418,Beringovskiy,RU,63.05,179.3167,-20.47,94,20,9.48,few clouds
419,Ashdod,IL,31.8167,34.65,53.49,83,94,7.85,overcast clouds
420,Kulhudhuffushi,MV,6.6221,73.07,80.51,72,91,3.91,overcast clouds
421,Grindavik,IS,63.8424,-22.4338,30.15,80,75,11.5,broken clouds
422,Petropavlovsk-Kamchatskiy,RU,53.0452,158.6483,23.59,50,75,20.13,light snow
423,Pedasi,PA,7.5333,-80.0333,76.06,80,10,2.59,clear sky
424,Manavalakurichi,IN,8.1333,77.3,77.09,74,13,9.01,few clouds
425,Labuhan,ID,-6.8844,112.2051,77.18,89,100,5.53,overcast clouds
426,Puerto Baquerizo Moreno,EC,-0.9,-89.6,75.67,83,60,5.95,broken clouds
427,Buraydah,SA,26.326,43.975,43.25,31,0,5.3,clear sky
428,Grand Haven,US,43.0631,-86.2284,16.09,60,20,4.61,few clouds
429,Sacile,IT,45.9541,12.5029,39.67,74,8,2.55,clear sky
430,Tsaratanana,MG,-16.7833,47.65,71.26,92,9,5.46,clear sky
431,Yulara,AU,-25.2406,130.9889,91.24,13,0,12.66,clear sky
432,Olafsvik,IS,64.8945,-23.7142,31.89,79,100,11.97,light snow
433,Paramonga,PE,-10.6667,-77.8333,72.23,78,100,8.68,overcast clouds
434,Concepcion Del Uruguay,AR,-32.4825,-58.2372,67.98,69,0,3.18,clear sky
435,Ust-Charyshskaya Pristan,RU,52.3934,83.6635,24.49,79,100,15.93,overcast clouds
436,Paita,PE,-5.0892,-81.1144,73.74,80,83,10.54,broken clouds
437,Kuopio,FI,62.8924,27.677,33.75,93,100,14.97,light intensity drizzle
438,Eravur,LK,7.7733,81.6095,76.77,80,66,8.43,broken clouds
439,Portland,US,45.5234,-122.6762,61.59,57,75,7.0,broken clouds
440,Penzberg,DE,47.75,11.3833,34.25,57,0,6.17,clear sky
441,Port-Cartier,CA,50.0334,-66.8654,-4.25,96,38,7.63,scattered clouds
442,Isangel,VU,-19.55,169.2667,87.91,70,26,6.91,scattered clouds
443,Verkhnyaya Inta,RU,65.9811,60.3094,-1.28,92,93,4.99,overcast clouds
444,High Prairie,CA,55.4334,-116.4858,34.9,93,100,3.74,overcast clouds
445,Gizo,SB,-8.103,156.8419,84.42,68,98,6.67,overcast clouds
446,Hay River,CA,60.8156,-115.7999,-9.42,77,75,8.05,broken clouds
447,Ouadda,CF,8.0777,22.4007,69.26,13,14,5.68,few clouds
448,Gigmoto,PH,13.7796,124.39,80.47,73,62,9.86,broken clouds
449,Kuybysheve,UA,47.358,36.6491,29.77,68,0,4.9,clear sky
450,La Primavera,CO,5.4906,-70.4092,81.5,44,96,5.08,overcast clouds
451,Kamaishi,JP,39.2667,141.8833,31.15,44,20,3.33,few clouds
452,Bourail,NC,-21.5667,165.4833,87.24,63,100,5.37,overcast clouds
453,Moron,AR,-34.6534,-58.6198,74.95,47,0,5.48,clear sky
454,Leiyang,CN,26.4024,112.8591,41.54,86,22,2.39,few clouds
455,Hamilton,US,39.1834,-84.5333,22.39,78,100,12.66,overcast clouds
456,Kavaratti,IN,10.5669,72.642,80.46,72,0,6.67,clear sky
457,Coihaique,CL,-45.5752,-72.0662,63.21,55,67,3.44,broken clouds
458,Grand Gaube,MU,-20.0064,57.6608,80.38,80,100,5.01,overcast clouds
459,Dongsheng,CN,39.8161,109.9776,10.49,53,100,1.86,overcast clouds
460,Ancud,CL,-41.8697,-73.8203,62.13,94,4,2.21,clear sky
461,Molochnoye,RU,59.2917,39.6787,26.71,91,100,12.88,overcast clouds
462,Irece,BR,-11.3042,-41.8558,68.99,89,100,7.14,light rain
463,Oriximina,BR,-1.7656,-55.8661,77.05,83,92,1.52,overcast clouds
464,Molteno,ZA,-31.3968,26.3625,59.79,94,40,8.43,scattered clouds
465,Karcag,HU,47.3167,20.9333,32.22,73,8,4.7,clear sky
466,Fenoarivo Atsinanana,MG,-17.3667,49.4167,76.05,88,65,4.41,broken clouds
467,Vostok,RU,46.4856,135.8833,9.86,89,100,3.29,overcast clouds
468,Visnes,NO,59.3556,5.2242,41.58,87,100,14.97,light rain
469,Rawson,AR,-43.3002,-65.1023,76.19,31,1,19.24,clear sky
470,Skibbereen,IE,51.55,-9.2667,40.8,83,57,9.73,broken clouds
471,Meulaboh,ID,4.1363,96.1285,77.23,86,96,4.12,overcast clouds
472,Wageningen,NL,51.9667,5.6667,52.84,72,100,11.5,overcast clouds
473,Garissa,KE,-0.4536,39.6401,75.87,72,56,7.52,broken clouds
474,Madera,US,37.1666,-119.8343,76.8,44,0,2.3,clear sky
475,Mudgee,AU,-32.5943,149.5871,77.05,44,100,4.61,overcast clouds
476,Banda Aceh,ID,5.5577,95.3222,78.82,76,49,6.33,scattered clouds
477,Asyut,EG,27.181,31.1837,50.18,77,6,7.87,clear sky
478,Tongren,CN,27.7172,109.1853,44.49,80,48,1.43,scattered clouds
479,Poltavka,RU,54.3663,71.7632,-11.52,100,100,3.0,overcast clouds
480,Maurawan,IN,26.4333,80.8833,50.04,67,0,1.54,clear sky
481,Kosh-Agach,RU,50.0,88.6667,-19.32,99,100,1.99,overcast clouds
482,Khuzhir,RU,53.1939,107.3397,-4.72,95,58,12.33,broken clouds
483,Ignalina,LT,55.35,26.1667,28.18,82,100,10.54,overcast clouds
484,Sirvintos,LT,55.05,24.95,31.55,81,100,11.88,overcast clouds
485,Marsh Harbour,BS,26.5412,-77.0636,73.6,87,100,16.37,overcast clouds
486,Korsakov,RU,46.6328,142.7813,22.84,78,95,14.41,overcast clouds
487,Ketchikan,US,55.3422,-131.6461,46.38,87,100,4.61,light rain
488,Mount Isa,AU,-20.7333,139.5,87.57,45,100,12.66,overcast clouds
489,Banbury,GB,52.0602,-1.3403,46.38,93,100,1.01,light rain
490,Portsmouth,GB,50.799,-1.0913,48.11,97,100,13.0,overcast clouds
491,Biltine,TD,14.5333,20.9167,72.93,11,100,16.53,overcast clouds
492,Kirakira,SB,-10.4544,161.9205,79.59,86,100,4.61,light rain
493,Stolac,BA,43.0844,17.9575,45.66,85,100,5.14,overcast clouds
494,Teguldet,RU,57.3064,88.1667,0.16,95,100,10.04,light snow
495,Vilela,PT,41.2251,-7.6034,39.09,83,55,7.96,broken clouds
496,Guantanamo,CU,20.1444,-75.2092,80.17,75,1,2.75,clear sky
497,Marzuq,YE,14.4,46.4667,54.09,51,46,2.8,scattered clouds
498,Revda,RU,56.801,59.9303,14.81,98,100,2.91,overcast clouds
499,Kapuskasing,CA,49.4169,-82.4331,-12.91,83,0,3.44,clear sky
500,Ozinki,RU,51.1786,49.6769,14.74,96,49,9.19,scattered clouds
501,Tingo Maria,PE,-9.2895,-76.0088,67.55,98,71,1.1,moderate rain
502,La Ronge,CA,55.1001,-105.2842,14.25,79,100,6.91,overcast clouds
503,Kaluga,RU,54.5,35.5,26.11,87,80,12.77,broken clouds
504,Saint-Francois,FR,46.4154,3.9054,50.68,62,0,21.85,clear sky
505,Seoul,KR,37.5683,126.9778,38.71,70,0,1.14,clear sky
506,Male,MV,4.1748,73.5089,81.97,74,62,11.68,broken clouds
507,Kawalu,ID,-7.3817,108.2082,77.32,84,95,1.57,overcast clouds
508,Dunedin,NZ,-45.8742,170.5036,61.81,60,60,8.99,broken clouds
509,Palana,RU,59.1167,159.9667,3.97,84,100,6.98,overcast clouds
510,Tahe,CN,52.3333,124.7333,0.63,90,100,3.0,overcast clouds
511,Kunming,CN,25.0389,102.7183,37.33,75,0,2.24,clear sky
512,La Crosse,US,43.8014,-91.2396,10.42,57,100,9.22,overcast clouds
513,Yurino,RU,56.2942,46.3039,16.92,96,100,4.72,overcast clouds
514,Zhumadian,CN,32.9794,114.0294,40.96,74,92,2.21,overcast clouds
515,Vila Franca Do Campo,PT,37.7167,-25.4333,59.2,71,100,4.23,overcast clouds
516,Chitral,PK,35.8462,71.7858,33.87,78,96,5.59,overcast clouds
517,Kungur,RU,57.4368,56.9593,-0.49,100,100,3.76,overcast clouds
518,Bafq,IR,31.6128,55.4107,44.37,48,0,5.61,clear sky
519,Yuyao,CN,30.05,121.1494,46.8,83,11,6.42,few clouds
520,Qaqortoq,GL,60.7167,-46.0333,19.9,95,100,12.33,light snow
521,Digha,IN,21.6833,87.55,59.97,58,6,7.29,clear sky
522,Kouroussa,GN,10.65,-9.8833,72.37,17,4,3.51,clear sky
523,Raghunathpur,IN,23.55,86.6667,57.07,48,1,3.78,clear sky
524,Itarema,BR,-2.9248,-39.9167,79.61,80,28,13.33,scattered clouds
525,Keetmanshoop,NA,-26.5833,18.1333,68.92,83,99,11.5,overcast clouds
526,San Mateo Del Mar,MX,16.2,-95.0,69.75,67,92,42.28,overcast clouds
527,Prince Rupert,CA,54.3161,-130.3201,46.49,76,100,12.66,overcast clouds
528,Trincomalee,LK,8.5711,81.2335,79.34,71,69,11.99,broken clouds
529,Havoysund,NO,70.9963,24.6622,18.48,91,100,7.72,light snow
530,Eufaula,US,31.8913,-85.1455,44.64,36,0,4.61,clear sky
531,Cartagena,CO,10.3997,-75.5144,80.22,78,0,8.05,clear sky
532,Bartica,GY,6.4,-58.6167,75.52,94,74,2.57,broken clouds
533,Ningbo,CN,29.8782,121.5495,46.38,66,0,8.95,clear sky
534,Thessalon,CA,46.2501,-83.5666,0.36,95,11,2.33,few clouds
535,Lazarev,RU,52.225,141.5131,-7.1,97,45,9.48,scattered clouds
536,Burgersdorp,ZA,-30.9977,26.3286,65.73,75,39,9.28,scattered clouds
537,Pivijay,CO,10.4617,-74.6162,82.38,69,5,8.97,clear sky
538,Bonthe,SL,7.5264,-12.505,77.29,90,8,3.83,clear sky
539,Waingapu,ID,-9.6567,120.2641,82.4,75,99,6.82,overcast clouds
540,Watsa,CD,3.0372,29.5355,68.68,47,19,2.51,few clouds
541,Axim,GH,4.8699,-2.2405,78.33,86,100,6.38,overcast clouds
542,Whyalla,AU,-33.0333,137.5833,79.21,53,1,10.58,clear sky
543,Havre,FR,49.5833,0.3333,52.45,93,100,19.3,light intensity drizzle
544,Pacific Grove,US,36.6177,-121.9166,77.4,80,100,5.99,haze
545,Vagur,FO,61.4732,-6.8119,36.46,71,100,31.03,overcast clouds
546,Salalah,OM,17.0151,54.0924,73.49,17,0,24.16,clear sky
547,Oranjemund,NA,-28.55,16.4333,64.18,91,3,10.36,clear sky
548,Soverato,IT,38.685,16.5499,44.55,84,12,3.06,few clouds
549,Caconde,BR,-21.5294,-46.6439,66.43,96,6,2.17,clear sky
550,Callaway,US,30.153,-85.5699,48.9,40,0,11.5,clear sky
551,Massaguet,TD,12.4755,15.4365,72.7,13,67,9.42,broken clouds
552,Erzin,TR,36.9559,36.2,41.72,88,22,3.11,few clouds
553,Busko-Zdroj,PL,50.4708,20.7188,30.99,70,0,5.68,clear sky
554,Kamenka,RU,51.3223,42.7678,7.03,97,83,7.29,broken clouds
555,Morondava,MG,-20.2833,44.2833,78.46,89,23,5.82,few clouds
556,El Cope,PA,8.6167,-80.6,72.86,85,8,6.44,clear sky
557,Churapcha,RU,62.0025,132.4325,-24.12,97,98,2.01,overcast clouds
558,Pangoa,PE,-12.1167,-73.0,68.47,99,100,1.05,overcast clouds
559,Manta,EC,-0.95,-80.7333,78.58,83,75,2.3,broken clouds
560,Tambacounda,SN,13.7539,-13.7586,74.61,15,2,8.08,clear sky
561,Port Blair,IN,11.6667,92.75,69.84,88,20,2.3,mist
562,Noyabrsk,RU,63.1994,75.4507,-13.99,100,96,9.33,overcast clouds
563,Rawlins,US,41.7911,-107.2387,37.62,35,0,24.16,clear sky
564,Chegdomyn,RU,51.1167,133.0167,7.03,86,89,1.5,overcast clouds
565,Wajima,JP,37.4,136.9,39.88,56,40,11.5,scattered clouds
566,Bayanday,RU,53.0661,105.5139,-25.94,100,83,7.34,broken clouds
567,Karwar,IN,14.8,74.1333,71.04,63,6,4.88,clear sky
568,Breyten,ZA,-26.3018,29.987,55.33,75,79,5.57,broken clouds
569,Assiniboia,CA,49.6334,-105.9845,31.91,68,90,20.71,overcast clouds
570,Sakakah,SA,29.9697,40.2064,44.17,31,0,3.67,clear sky
571,Zadar,HR,44.1197,15.2422,42.66,87,40,4.61,scattered clouds
572,Guerrero Negro,MX,27.9769,-114.0611,71.98,32,6,11.07,clear sky
573,Tobermory,CA,45.2501,-81.6665,7.77,74,100,9.24,overcast clouds
574,Namtsy,RU,62.7161,129.6658,-34.49,98,82,1.32,broken clouds
575,Tumpat,MY,6.1978,102.171,75.25,100,40,1.14,scattered clouds
576,Bella Vista,US,36.4295,-94.2316,38.32,49,0,5.75,clear sky
577,Ures,MX,29.4333,-110.4,81.09,12,2,7.74,clear sky
578,Madhavaram,IN,13.1429,80.2325,79.0,79,75,0.0,mist
579,Carballo,ES,43.213,-8.691,50.86,91,35,7.92,scattered clouds
580,Boshnyakovo,RU,49.6333,142.1667,11.03,93,95,6.55,overcast clouds
581,Kanakapura,IN,12.55,77.4167,65.44,87,8,3.91,light rain
582,Gat,IL,31.61,34.7642,52.09,100,99,6.78,overcast clouds
583,Saint-Joseph,RE,-21.3667,55.6167,77.38,84,19,12.24,few clouds
584,Vila Velha,BR,-20.3297,-40.2925,75.15,97,40,2.3,scattered clouds
585,Manicore,BR,-5.8092,-61.3003,73.02,99,100,1.05,overcast clouds
586,Ibra,OM,22.6906,58.5334,62.35,59,5,3.27,clear sky
587,Smoljan,ME,43.0924,19.2286,23.52,96,64,3.96,broken clouds
588,Chara,RU,56.9064,118.2631,-21.53,88,21,0.43,few clouds
589,Batagay,RU,67.6333,134.6333,-19.93,90,93,2.77,overcast clouds
590,San Quintin,MX,30.4833,-115.95,69.69,35,1,9.1,clear sky
591,Manggar,ID,-2.8833,108.2667,81.05,78,45,2.28,scattered clouds
592,Moju,BR,-1.8839,-48.7689,75.27,98,99,2.46,light rain
593,High Level,CA,58.5169,-117.136,3.31,72,75,5.75,broken clouds
594,Nyagan,RU,62.1406,65.3936,-14.13,100,100,2.17,overcast clouds
595,Ola,RU,59.5833,151.2833,3.85,71,99,8.66,overcast clouds
596,Ongole,IN,15.5,80.05,70.0,89,59,6.51,broken clouds
597,Kholodnyy,RU,62.7167,147.95,-27.45,96,74,1.16,broken clouds
598,Nelson Bay,AU,-32.7167,152.15,84.29,57,49,3.0,scattered clouds
599,Novobirilyussy,RU,56.9514,90.6661,-5.67,93,8,8.12,clear sky
600,Kysyl-Syr,RU,63.8986,122.7617,-24.27,100,100,0.18,overcast clouds
601,Kadnikov,RU,59.5022,40.338,26.91,94,100,10.27,overcast clouds
602,Praia,CV,14.9215,-23.5087,72.14,78,20,16.11,few clouds
603,Toledo,ES,39.8333,-4.0,53.11,56,77,16.28,broken clouds
604,Kokopo,PG,-4.352,152.2633,85.51,64,19,8.34,few clouds
605,Buala,SB,-8.145,159.5921,81.55,80,100,6.78,light rain
606,Anda,CN,46.4,125.3167,-3.41,95,100,6.71,overcast clouds
607,Houma,US,29.5958,-90.7195,51.8,44,0,4.61,clear sky
608,Port Keats,AU,-14.25,129.55,80.26,76,100,4.97,overcast clouds
609,Keita,NE,14.7551,5.7749,68.5,12,0,7.83,clear sky
610,Itacarambi,BR,-15.1022,-44.0919,69.89,92,21,1.39,few clouds
611,Cajnice,BA,43.5575,19.0711,22.8,96,70,2.89,broken clouds
612,Mykolayivka,UA,47.5414,30.7561,29.43,71,0,5.28,clear sky
613,Villa Rica,US,33.7321,-84.9191,40.68,54,0,7.9,clear sky
614,Cockburn Town,TC,21.4612,-71.1419,78.76,73,20,9.22,few clouds
615,Whitehorse,CA,60.7161,-135.0538,25.57,68,100,12.66,overcast clouds
616,Havre-Saint-Pierre,CA,50.2334,-63.5986,3.2,71,0,11.5,clear sky
617,Otane,NZ,-39.8833,176.6333,63.01,71,100,10.11,overcast clouds
618,Inirida,CO,3.8653,-67.9239,80.73,67,99,1.59,overcast clouds
619,Sortland,NO,68.6949,15.4162,28.58,82,98,5.35,snow
620,Olinda,BR,-8.0089,-34.8553,83.93,70,40,8.05,scattered clouds
621,Kirya,TZ,-3.9167,37.4833,72.73,81,88,2.95,overcast clouds
622,Miri,MY,4.4148,114.0089,75.34,94,40,13.8,scattered clouds
623,Hami,CN,42.8,93.45,24.06,45,11,5.86,few clouds
624,Awjilah,LY,29.1081,21.2869,52.93,58,0,6.06,clear sky
625,Burns Lake,CA,54.2331,-125.7533,35.02,97,100,2.17,overcast clouds
626,Bac Lieu,VN,9.285,105.7244,81.91,74,45,16.8,scattered clouds
627,Sikasso,ML,10.9167,-7.0,72.88,14,20,5.23,few clouds
628,Spanaway,US,47.104,-122.4346,56.98,61,0,0.0,clear sky
629,Warangal,IN,18.0,79.5833,61.16,91,7,5.21,clear sky
630,Ekhabi,RU,53.5102,142.9671,-5.22,92,15,12.59,few clouds
631,Petrolina,BR,-9.3986,-40.5008,75.25,100,0,3.44,light rain
632,Dalvik,IS,65.9702,-18.5286,8.53,71,99,10.69,overcast clouds
633,Ust-Koksa,RU,50.2696,85.6108,7.72,95,100,1.25,overcast clouds
634,Baruun-Urt,MN,46.6806,113.2792,-15.29,98,52,1.99,broken clouds
635,Garowe,SO,8.4054,48.4845,65.28,78,100,7.72,overcast clouds
636,Naze,JP,28.3667,129.4833,56.32,84,100,18.84,overcast clouds
637,Puerto Ayacucho,VE,5.6639,-67.6236,83.08,49,79,1.86,broken clouds
638,Pendleton,US,45.6721,-118.7886,49.91,57,0,5.99,clear sky
639,Moose Factory,CA,51.2585,-80.6094,-14.82,76,0,2.3,clear sky
640,Nyurba,RU,63.2842,118.3319,-18.08,100,100,1.57,overcast clouds
641,Guanica,PR,17.9716,-66.908,78.06,78,5,3.0,clear sky
642,Honiara,SB,-9.4333,159.95,83.91,78,95,8.01,light rain
643,Sao Felix Do Xingu,BR,-6.6447,-51.995,69.73,92,100,1.59,overcast clouds
644,Sumbe,AO,-11.2061,13.8437,75.29,84,100,3.11,overcast clouds
645,Tuxpan,MX,19.55,-103.4,74.97,44,99,0.81,overcast clouds
646,Natitingou,BJ,10.3042,1.3796,76.96,17,13,4.56,few clouds
647,Bud,US,39.447,-86.1758,21.29,79,87,10.85,overcast clouds
648,Jambi,ID,-1.6,103.6167,77.7,88,92,0.18,overcast clouds
649,Qorveh,IR,35.1664,47.8045,26.71,72,3,2.46,clear sky
650,Gazanjyk,TM,39.2446,55.5154,37.85,63,60,9.86,broken clouds
651,Baykit,RU,61.67,96.37,-21.6,100,56,3.6,broken clouds
652,Kaitangata,NZ,-46.2817,169.8464,62.8,57,97,6.38,overcast clouds
653,Santiago,CL,-33.4569,-70.6483,72.86,56,0,9.22,clear sky
654,Sao Joao Da Barra,BR,-21.6403,-41.0511,76.32,89,12,12.24,few clouds
655,Llanes,ES,43.4198,-4.7549,52.9,76,94,17.83,overcast clouds
656,Kahului,US,20.8947,-156.47,80.62,64,20,14.97,few clouds
657,Ushtobe,KZ,45.2514,77.9838,26.46,88,100,4.03,overcast clouds
658,Kasungu,MW,-13.0333,33.4833,63.55,98,100,3.18,overcast clouds
659,Cayenne,GF,4.9333,-52.3333,80.1,84,0,3.0,clear sky
660,Malanje,AO,-9.5402,16.341,63.07,97,100,4.18,moderate rain
661,Pombal,BR,-6.7703,-37.8017,77.18,76,86,6.6,overcast clouds
662,Vimperk,CZ,49.0586,13.7829,29.86,53,0,3.8,clear sky
663,Sarakhs,IR,36.5449,61.1577,44.74,81,29,4.61,scattered clouds
664,Fairbanks,US,64.8378,-147.7164,10.6,77,100,5.75,light snow
665,Mishan,CN,45.55,131.8833,2.77,93,100,2.46,overcast clouds
666,Lamu,KE,-2.2717,40.902,77.22,86,95,8.16,overcast clouds
667,Borogontsy,RU,62.6683,131.1683,-29.67,96,56,1.57,broken clouds
668,Puerto Leguizamo,CO,-0.1934,-74.7819,73.31,95,100,3.24,light rain
669,Bystrice,CZ,49.6366,18.7204,34.75,90,6,5.88,clear sky
670,Montlucon,FR,46.3333,2.6,51.67,81,100,4.0,overcast clouds
671,Katima Mulilo,NA,-17.5,24.2667,66.7,88,16,4.56,few clouds
672,Araouane,ML,18.9048,-3.5265,60.03,22,7,12.24,clear sky
673,Suoyarvi,RU,62.0833,32.35,31.39,97,100,11.95,light snow
674,Tecoanapa,MX,16.5167,-98.75,80.38,67,99,6.06,overcast clouds
675,Canutama,BR,-6.5339,-64.3831,72.16,99,100,0.65,light rain
676,Rockhampton,AU,-23.3833,150.5,85.89,48,40,17.27,scattered clouds
677,Takab,IR,36.4009,47.1133,16.95,74,22,4.07,few clouds
678,Bida,NG,9.0833,6.0167,78.78,17,6,4.88,clear sky
679,Fochville,ZA,-26.4886,27.4939,71.22,51,6,3.15,clear sky
680,Maragogi,BR,-9.0122,-35.2225,80.37,73,12,12.12,few clouds
681,Shubarshi,KZ,48.5872,57.1869,14.95,94,100,13.67,light snow
